validation_status_clean,records,mean_severity,severity_sum
,125254,1.618614974372076,202738
approved,115400,1.5732235701906412,181550
rejected,49754,1.676227037022149,83399
created1,7044,1.6384156729131176,11541
processing,678,1.6725663716814159,1134
duplicate,320,1.40625,450
